{
  "__version__": "1.0.0",
  "current-scene": "1c308dd0-5962-43b7-938f-16b42dffa7af",
  "gizmos-infos": {
    "gridColor": [
      150,
      150,
      150,
      255
    ],
    "gridVisible": true,
    "iconGizmoSize": 2,
    "iconSize": 2,
    "is2D": true,
    "is3DIcon": false,
    "isGridVisible": true,
    "isIconGizmo3D": false
  },
  "float-window": {
    "position": {
      "cc": {
        "Camera": {
          "bottom": 10,
          "dock": false,
          "left": null,
          "right": 10,
          "top": null
        }
      }
    }
  },
  "camera-infos": {
    "1c308dd0-5962-43b7-938f-16b42dffa7af": {
      "position": {
        "x": 480,
        "y": 320,
        "z": 1000
      },
      "rotation": {
        "w": 1,
        "x": 0,
        "y": 0,
        "z": 0
      },
      "viewCenter": {
        "x": 0,
        "y": 0,
        "z": 0
      }
    },
    "f46876e4-e81b-4931-b493-6d367be385e7": {
      "position": {
        "x": 2142.7687752661222,
        "y": 1982.768775266122,
        "z": 1662.7687752661218
      },
      "rotation": {
        "w": 0.8804762392171493,
        "x": -0.27984814233312133,
        "y": 0.3647051996310009,
        "z": 0.11591689595929514
      },
      "viewCenter": {
        "x": 480,
        "y": 320,
        "z": 0
      }
    }
  },
  "camera-uuids": [
    "1c308dd0-5962-43b7-938f-16b42dffa7af"
  ]
}
